{"1": {"preflop": {"can only check": {"fold": 1e-07, "check": 1e-07, "call": 1e-07, "raise": 1e-07, "all in": 1e-07}, "can only call": {"fold": 1e-07, "check": 1e-07, "call": 1e-07, "raise": 1e-07, "all in": 1e-07}, "can't check or call": {"fold": 1e-07, "check": 1e-07, "call": 1e-07, "raise": 1e-07, "all in": 1e-07}}, "flop": {"can only check": {"fold": 1e-07, "check": 6.0000001, "call": 1e-07, "raise": 1e-07, "all in": 1e-07}, "can only call": {"fold": 5.0000001, "check": 1e-07, "call": 1e-07, "raise": 1.0000001, "all in": 1e-07}, "can't check or call": {"fold": 1e-07, "check": 1e-07, "call": 1e-07, "raise": 1e-07, "all in": 1e-07}}, "turn": {"can only check": {"fold": 1e-07, "check": 42.0000001, "call": 1e-07, "raise": 2.0000001000000003, "all in": 1e-07}, "can only call": {"fold": 10.000000100000001, "check": 1e-07, "call": 1e-07, "raise": 1e-07, "all in": 1e-07}, "can't check or call": {"fold": 1.0000001, "check": 1e-07, "call": 1e-07, "raise": 1e-07, "all in": 1e-07}}, "river": {"can only check": {"fold": 1e-07, "check": 106.0000001, "call": 1e-07, "raise": 8.000000100000001, "all in": 1e-07}, "can only call": {"fold": 15.000000100000001, "check": 1e-07, "call": 1e-07, "raise": 1e-07, "all in": 1e-07}, "can't check or call": {"fold": 5.0000001, "check": 1e-07, "call": 1e-07, "raise": 1e-07, "all in": 1e-07}}}, "2": {"preflop": {"can only check": {"fold": 1e-07, "check": 1e-07, "call": 1e-07, "raise": 1e-07, "all in": 1e-07}, "can only call": {"fold": 1e-07, "check": 1e-07, "call": 1e-07, "raise": 1e-07, "all in": 1e-07}, "can't check or call": {"fold": 1e-07, "check": 1e-07, "call": 1e-07, "raise": 1e-07, "all in": 1e-07}}, "flop": {"can only check": {"fold": 1e-07, "check": 130.0000001, "call": 1e-07, "raise": 25.0000001, "all in": 1e-07}, "can only call": {"fold": 128.0000001, "check": 1e-07, "call": 1e-07, "raise": 10.000000100000001, "all in": 1e-07}, "can't check or call": {"fold": 9.000000100000001, "check": 1e-07, "call": 1e-07, "raise": 1e-07, "all in": 1.0000001}}, "turn": {"can only check": {"fold": 1e-07, "check": 118.0000001, "call": 1e-07, "raise": 15.000000100000001, "all in": 1e-07}, "can only call": {"fold": 38.0000001, "check": 1e-07, "call": 1e-07, "raise": 2.0000001000000003, "all in": 1e-07}, "can't check or call": {"fold": 1.0000001, "check": 1e-07, "call": 1e-07, "raise": 1e-07, "all in": 1e-07}}, "river": {"can only check": {"fold": 1e-07, "check": 87.0000001, "call": 1e-07, "raise": 8.000000100000001, "all in": 1.0000001}, "can only call": {"fold": 20.0000001, "check": 1e-07, "call": 1.0000001, "raise": 2.0000001000000003, "all in": 1e-07}, "can't check or call": {"fold": 6.0000001, "check": 1e-07, "call": 1e-07, "raise": 1e-07, "all in": 1e-07}}}, "3": {"preflop": {"can only check": {"fold": 1e-07, "check": 14.000000100000001, "call": 1e-07, "raise": 9.000000100000001, "all in": 1e-07}, "can only call": {"fold": 27.0000001, "check": 1e-07, "call": 58.0000001, "raise": 6.0000001, "all in": 1e-07}, "can't check or call": {"fold": 4.0000001, "check": 1e-07, "call": 1e-07, "raise": 1e-07, "all in": 1e-07}}, "flop": {"can only check": {"fold": 1e-07, "check": 236.0000001, "call": 1e-07, "raise": 102.0000001, "all in": 1e-07}, "can only call": {"fold": 237.0000001, "check": 1e-07, "call": 65.0000001, "raise": 13.000000100000001, "all in": 1e-07}, "can't check or call": {"fold": 15.000000100000001, "check": 1e-07, "call": 1e-07, "raise": 1e-07, "all in": 3.0000001000000003}}, "turn": {"can only check": {"fold": 1e-07, "check": 163.0000001, "call": 1e-07, "raise": 32.0000001, "all in": 1.0000001}, "can only call": {"fold": 114.0000001, "check": 1e-07, "call": 13.000000100000001, "raise": 5.0000001, "all in": 1e-07}, "can't check or call": {"fold": 2.0000001000000003, "check": 1e-07, "call": 1e-07, "raise": 1e-07, "all in": 1.0000001}}, "river": {"can only check": {"fold": 1e-07, "check": 104.0000001, "call": 1e-07, "raise": 8.000000100000001, "all in": 1e-07}, "can only call": {"fold": 52.0000001, "check": 1e-07, "call": 2.0000001000000003, "raise": 2.0000001000000003, "all in": 1e-07}, "can't check or call": {"fold": 8.000000100000001, "check": 1e-07, "call": 1e-07, "raise": 1e-07, "all in": 1e-07}}}, "4": {"preflop": {"can only check": {"fold": 1e-07, "check": 150.0000001, "call": 1e-07, "raise": 225.0000001, "all in": 1e-07}, "can only call": {"fold": 256.00000009999997, "check": 1e-07, "call": 936.0000001, "raise": 26.0000001, "all in": 1.0000001}, "can't check or call": {"fold": 61.0000001, "check": 1e-07, "call": 1e-07, "raise": 1e-07, "all in": 1.0000001}}, "flop": {"can only check": {"fold": 1e-07, "check": 176.0000001, "call": 1e-07, "raise": 267.00000009999997, "all in": 1e-07}, "can only call": {"fold": 161.0000001, "check": 1e-07, "call": 199.0000001, "raise": 10.000000100000001, "all in": 1e-07}, "can't check or call": {"fold": 29.0000001, "check": 1e-07, "call": 1e-07, "raise": 1e-07, "all in": 1e-07}}, "turn": {"can only check": {"fold": 1e-07, "check": 150.0000001, "call": 1e-07, "raise": 99.0000001, "all in": 1e-07}, "can only call": {"fold": 118.0000001, "check": 1e-07, "call": 59.0000001, "raise": 5.0000001, "all in": 1e-07}, "can't check or call": {"fold": 5.0000001, "check": 1e-07, "call": 1e-07, "raise": 1e-07, "all in": 1e-07}}, "river": {"can only check": {"fold": 1e-07, "check": 72.0000001, "call": 1e-07, "raise": 20.0000001, "all in": 1e-07}, "can only call": {"fold": 28.0000001, "check": 1e-07, "call": 15.000000100000001, "raise": 1e-07, "all in": 1e-07}, "can't check or call": {"fold": 10.000000100000001, "check": 1e-07, "call": 1e-07, "raise": 1e-07, "all in": 1e-07}}}, "5": {"preflop": {"can only check": {"fold": 1e-07, "check": 134.0000001, "call": 1e-07, "raise": 408.00000009999997, "all in": 1e-07}, "can only call": {"fold": 33.0000001, "check": 1e-07, "call": 1373.0000000999999, "raise": 193.0000001, "all in": 1e-07}, "can't check or call": {"fold": 95.0000001, "check": 1e-07, "call": 1e-07, "raise": 1e-07, "all in": 1e-07}}, "flop": {"can only check": {"fold": 1e-07, "check": 72.0000001, "call": 1e-07, "raise": 306.00000009999997, "all in": 1e-07}, "can only call": {"fold": 29.0000001, "check": 1e-07, "call": 254.0000001, "raise": 14.000000100000001, "all in": 1.0000001}, "can't check or call": {"fold": 27.0000001, "check": 1e-07, "call": 1e-07, "raise": 1e-07, "all in": 1e-07}}, "turn": {"can only check": {"fold": 1e-07, "check": 82.0000001, "call": 1e-07, "raise": 139.0000001, "all in": 1e-07}, "can only call": {"fold": 50.0000001, "check": 1e-07, "call": 108.0000001, "raise": 6.0000001, "all in": 1e-07}, "can't check or call": {"fold": 16.0000001, "check": 1e-07, "call": 1e-07, "raise": 1e-07, "all in": 1e-07}}, "river": {"can only check": {"fold": 1e-07, "check": 55.0000001, "call": 1e-07, "raise": 55.0000001, "all in": 1e-07}, "can only call": {"fold": 22.0000001, "check": 1e-07, "call": 28.0000001, "raise": 1.0000001, "all in": 1e-07}, "can't check or call": {"fold": 5.0000001, "check": 1e-07, "call": 1e-07, "raise": 1e-07, "all in": 1e-07}}}, "6": {"preflop": {"can only check": {"fold": 1e-07, "check": 112.0000001, "call": 1e-07, "raise": 402.00000009999997, "all in": 1e-07}, "can only call": {"fold": 1e-07, "check": 1e-07, "call": 521.0000001, "raise": 655.0000001, "all in": 1e-07}, "can't check or call": {"fold": 126.0000001, "check": 1e-07, "call": 1e-07, "raise": 1e-07, "all in": 1e-07}}, "flop": {"can only check": {"fold": 1e-07, "check": 97.0000001, "call": 1e-07, "raise": 278.00000009999997, "all in": 1e-07}, "can only call": {"fold": 2.0000001000000003, "check": 1e-07, "call": 205.0000001, "raise": 81.0000001, "all in": 1e-07}, "can't check or call": {"fold": 38.0000001, "check": 1e-07, "call": 1e-07, "raise": 1e-07, "all in": 1e-07}}, "turn": {"can only check": {"fold": 1e-07, "check": 75.0000001, "call": 1e-07, "raise": 134.0000001, "all in": 1e-07}, "can only call": {"fold": 4.0000001, "check": 1e-07, "call": 86.0000001, "raise": 25.0000001, "all in": 1e-07},