{"Player 1": {"strong": {"preflop": {"can only check": {"fold": 1e-07, "check": 6.0000001, "call": 1e-07, "raise": 1e-07, "all in": 1e-07}, "can only call": {"fold": 5.0000001, "check": 1e-07, "call": 6.0000001, "raise": 1e-07, "all in": 1e-07}, "can't check or call": {"fold": 1e-07, "check": 1e-07, "call": 1e-07, "raise": 1e-07, "all in": 1e-07}}, "flop": {"can only check": {"fold": 1e-07, "check": 26.0000001, "call": 1e-07, "raise": 1e-07, "all in": 1.0000001}, "can only call": {"fold": 10.000000100000001, "check": 1e-07, "call": 1e-07, "raise": 1e-07, "all in": 1e-07}, "can't check or call": {"fold": 4.0000001, "check": 1e-07, "call": 1e-07, "raise": 1e-07, "all in": 1.0000001}}, "turn": {"can only check": {"fold": 1e-07, "check": 24.0000001, "call": 1e-07, "raise": 1.0000001, "all in": 1e-07}, "can only call": {"fold": 5.0000001, "check": 1e-07, "call": 1e-07, "raise": 1e-07, "all in": 1e-07}, "can't check or call": {"fold": 1.0000001, "check": 1e-07, "call": 1e-07, "raise": 1e-07, "all in": 1e-07}}, "river": {"can only check": {"fold": 1e-07, "check": 21.0000001, "call": 1e-07, "raise": 2.0000001000000003, "all in": 1e-07}, "can only call": {"fold": 1.0000001, "check": 1e-07, "call": 1e-07, "raise": 1e-07, "all in": 1e-07}, "can't check or call": {"fold": 1e-07, "check": 1e-07, "call": 1e-07, "raise": 1e-07, "all in": 1e-07}}}, "medium": {"preflop": {"can only check": {"fold": 1e-07, "check": 9.000000100000001, "call": 1e-07, "raise": 1e-07, "all in": 2.0000001000000003}, "can only call": {"fold": 4.0000001, "check": 1e-07, "call": 35.0000001, "raise": 2.0000001000000003, "all in": 1.0000001}, "can't check or call": {"fold": 3.0000001000000003, "check": 1e-07, "call": 1e-07, "raise": 1e-07, "all in": 5.0000001}}, "flop": {"can only check": {"fold": 1e-07, "check": 18.0000001, "call": 1e-07, "raise": 1e-07, "all in": 1.0000001}, "can only call": {"fold": 3.0000001000000003, "check": 1e-07, "call": 4.0000001, "raise": 1e-07, "all in": 1e-07}, "can't check or call": {"fold": 4.0000001, "check": 1e-07, "call": 1e-07, "raise": 1e-07, "all in": 1e-07}}, "turn": {"can only check": {"fold": 1e-07, "check": 7.0000001, "call": 1e-07, "raise": 1e-07, "all in": 1e-07}, "can only call": {"fold": 1e-07, "check": 1e-07, "call": 1e-07, "raise": 1e-07, "all in": 1e-07}, "can't check or call": {"fold": 1e-07, "check": 1e-07, "call": 1e-07, "raise": 1e-07, "all in": 1e-07}}, "river": {"can only check": {"fold": 1e-07, "check": 4.0000001, "call": 1e-07, "raise": 1e-07, "all in": 1e-07}, "can only call": {"fold": 1.0000001, "check": 1e-07, "call": 1e-07, "raise": 1e-07, "all in": 1e-07}, "can't check or call": {"fold": 1e-07, "check": 1e-07, "call": 1e-07, "raise": 1e-07, "all in": 1.0000001}}}, "weak": {"preflop": {"can only check": {"fold": 1e-07, "check": 8.000000100000001, "call": 1e-07, "raise": 16.0000001, "all in": 3.0000001000000003}, "can only call": {"fold": 1e-07, "check": 1e-07, "call": 38.0000001, "raise": 30.0000001, "all in": 3.0000001000000003}, "can't check or call": {"fold": 11.000000100000001, "check": 1e-07, "call": 1e-07, "raise": 1e-07, "all in": 7.0000001}}, "flop": {"can only check": {"fold": 1e-07, "check": 15.000000100000001, "call": 1e-07, "raise": 18.0000001, "all in": 5.0000001}, "can only call": {"fold": 1e-07, "check": 1e-07, "call": 8.000000100000001, "raise": 1.0000001, "all in": 2.0000001000000003}, "can't check or call": {"fold": 4.0000001, "check": 1e-07, "call": 1e-07, "raise": 1e-07, "all in": 1.0000001}}, "turn": {"can only check": {"fold": 1e-07, "check": 16.0000001, "call": 1e-07, "raise": 5.0000001, "all in": 4.0000001}, "can only call": {"fold": 1.0000001, "check": 1e-07, "call": 1.0000001, "raise": 1.0000001, "all in": 1e-07}, "can't check or call": {"fold": 1.0000001, "check": 1e-07, "call": 1e-07, "raise": 1e-07, "all in": 1.0000001}}, "river": {"can only check": {"fold": 1e-07, "check": 16.0000001, "call": 1e-07, "raise": 3.0000001000000003, "all in": 2.0000001000000003}, "can only call": {"fold": 1e-07, "check": 1e-07, "call": 1e-07, "raise": 1e-07, "all in": 1e-07}, "can't check or call": {"fold": 1e-07, "check": 1e-07, "call": 1e-07, "raise": 1e-07, "all in": 1.0000001}}}}, "Player 2": {"strong": {"preflop": {"can only check": {"fold": 1e-07, "check": 4.0000001, "call": 1e-07, "raise": 1e-07, "all in": 1e-07}, "can only call": {"fold": 1.0000001, "check": 1e-07, "call": 3.0000001000000003, "raise": 1e-07, "all in": 1e-07}, "can't check or call": {"fold": 1e-07, "check": 1e-07, "call": 1e-07, "raise": 1e-07, "all in": 1.0000001}}, "flop": {"can only check": {"fold": 1e-07, "check": 24.0000001, "call": 1e-07, "raise": 7.0000001, "all in": 8.000000100000001}, "can only call": {"fold": 1e-07, "check": 1e-07, "call": 1e-07, "raise": 1e-07, "all in": 1e-07}, "can't check or call": {"fold": 1.0000001, "check": 1e-07, "call": 1e-07, "raise": 1e-07, "all in": 1e-07}}, "turn": {"can only check": {"fold": 1e-07, "check": 25.0000001, "call": 1e-07, "raise": 6.0000001, "all in": 1e-07}, "can only call": {"fold": 1e-07, "check": 1e-07, "call": 1e-07, "raise": 1e-07, "all in": 1e-07}, "can't check or call": {"fold": 1.0000001, "check": 1e-07, "call": 1e-07, "raise": 1e-07, "all in": 1e-07}}, "river": {"can only check": {"fold": 1e-07, "check": 24.0000001, "call": 1e-07, "raise": 1.0000001, "all in": 1e-07}, "can only call": {"fold": 1.0000001, "check": 1e-07, "call": 1.0000001, "raise": 1e-07, "all in": 1e-07}, "can't check or call": {"fold": 1e-07, "check": 1e-07, "call": 1e-07, "raise": 1e-07, "all in": 1e-07}}}, "medium": {"preflop": {"can only check": {"fold": 1e-07, "check": 16.0000001, "call": 1e-07, "raise": 10.000000100000001, "all in": 3.0000001000000003}, "can only call": {"fold": 1.0000001, "check": 1e-07, "call": 12.000000100000001, "raise": 8.000000100000001, "all in": 1e-07}, "can't check or call": {"fold": 1e-07, "check": 1e-07, "call": 1e-07, "raise": 1e-07, "all in": 3.0000001000000003}}, "flop": {"can only check": {"fold": 1e-07, "check": 20.0000001, "call": 1e-07, "raise": 10.000000100000001, "all in": 1e-07}, "can only call": {"fold": 1e-07, "check": 1e-07, "call": 1.0000001, "raise": 1e-07, "all in": 1e-07}, "can't check or call": {"fold": 1e-07, "check": 1e-07, "call": 1e-07, "raise": 1e-07, "all in": 1e-07}}, "turn": {"can only check": {"fold": 1e-07, "check": 8.000000100000001, "call": 1e-07, "raise": 1.0000001, "all in": 1e-07}, "can only call": {"fold": 1e-07, "check": 1e-07, "call": 1e-07, "raise": 1e-07, "all in": 1e-07}, "can't check or call": {"fold": 1e-07, "check": 1e-07, "call": 1e-07, "raise": 1e-07, "all in": 1e-07}}, "river": {"can only check": {"fold": 1e-07, "check": 6.0000001, "call": 1e-07, "raise": 1.0000001, "all in": 1.0000001}, "can only call": {"fold": 1e-07, "check": 1e-07, "call": 1e-07, "raise": 1e-07, "all in": 1e-07}, "can't check or call": {"fold": 1e-07, "check": 1e-07, "call": 1e-07, "raise": 1e-07, "all in": 1e-07}}}, "weak": {"preflop": {"can only check": {"fold": 1e-07, "check": 15.000000100000001, "call": 1e-07, "raise": 7.0000001, "all in": 1.0000001}, "can only call": {"fold": 4.0000001, "check": 1e-07, "call": 59.0000001, "raise": 26.0000001, "all in": 1.0000001}, "can't check or call": {"fold": 9.000000100000001, "check": 1e-07, "call": 1e-07, "raise": 1e-07, "all in": 1.0000001}}, "flop": {"can only check": {"fold": 1e-07, "check": 20.0000001, "call": 1e-07, "raise": 7.0000001, "all in": 3.0000001000000003}, "can only call": {"fold": 2.0000001000000003, "check": 1e-07, "call": 8.000000100000001, "raise": 4.0000001, "all in": 3.0000001000000003}, "can't check or call": {"fold": 6.0000001, "check": 1e-07, "call": 1e-07, "raise": 1e-07, "all in": 3.0000001000000003}}, "turn": {"can only check": {"fold": 1e-07, "check": 24.0000001, "call": 1e-07, "raise": 4.0000001, "all in": 1.0000001}, "can only call": {"fold": 1.0000001, "check": 1e-07, "call": 5.0000001, "raise": 1e-07, "all in": 1e-07}, "can't check or call": {"fold": 1e-07, "check": 1e-07, "call": 1e-07,